un1,un2,un3,un4,un5,un6,line
"0","964526","32496","0","3","-15","116.3878175481829200 39.9924246526983890 -15.0000000000000000, 116.3880329911925600 39.9924284636252880 -15.0000000000000000"
"0","964526","32496","0","3","-15","116.3880329911925600 39.9924284636252880 -15.0000000000000000, 116.3882944124052600 39.9924312617568490 -15.0000000000000000"
"0","964526","32496","0","3","-15","116.3882944124052600 39.9924312617568490 -15.0000000000000000, 116.3884632133696200 39.9924330233934170 -15.0000000000000000"
"0","964526","32496","0","3","-15","116.3884632133696200 39.9924330233934170 -15.0000000000000000, 116.3885977015490700 39.9924355331403660 -15.0000000000000000"
"0","964526","32496","0","3","-15","116.3885977015490700 39.9924355331403660 -15.0000000000000000, 116.3886537090907200 39.9924380416624670 -15.0000000000000000"
"0","964526","32496","0","3","-15","116.3886537090907200 39.9924380416624670 -15.0000000000000000, 116.3888377233975000 39.9924383049642390 -15.0000000000000000"
"0","964526","32496","0","3","-15","116.3888377233975000 39.9924383049642390 -15.0000000000000000, 116.3891231888187400 39.9924421105077950 -15.0000000000000000"
"0","964526","32496","0","3","-15","116.3891231888187400 39.9924421105077950 -15.0000000000000000, 116.3892407827903000 39.9924429343897570 -15.0000000000000000"
"0","964526","32496","0","3","-15","116.3892407827903000 39.9924429343897570 -15.0000000000000000, 116.3893351417479900 39.9924445479290260 -15.0000000000000000"
"0","964526","32496","0","3","-15","116.3893351417479900 39.9924445479290260 -15.0000000000000000, 116.3895814583397800 39.9924473034260830 -15.0000000000000000"
"0","964526","32496","0","3","-15","116.3895814583397800 39.9924473034260830 -15.0000000000000000, 116.3897829736290800 39.9924500559305900 -15.0000000000000000"
"0","964526","32496","0","3","-15","116.3897829736290800 39.9924500559305900 -15.0000000000000000, 116.3900952253082400 39.9924544437133850 -15.0000000000000000"
"0","964526","32496","0","3","-15","116.3900952253082400 39.9924544437133850 -15.0000000000000000, 116.3903159004862600 39.9924554050006830 -15.0000000000000000"
"0","964526","32496","0","3","-15","116.3903159004862600 39.9924554050006830 -15.0000000000000000, 116.3903442874620400 39.9924551557651140 -15.0000000000000000"
"0","964526","32496","0","3","-15","116.3903442874620400 39.9924551557651140 -15.0000000000000000, 116.3904952851197800 39.9924519689538580 -15.0000000000000000"
"0","964526","32496","0","3","-15","116.3904952851197800 39.9924519689538580 -15.0000000000000000, 116.3904980736121100 39.9923684522886450 -15.0000000000000000"
"0","964526","32496","0","3","-15","116.3904980736121100 39.9923684522886450 -15.0000000000000000, 116.3905014721091800 39.9921981625623890 -15.0000000000000000"
"0","964526","32496","0","3","-15","116.3905014721091800 39.9921981625623890 -15.0000000000000000, 116.3905020324006500 39.9921500646466940 -15.0000000000000000"
"0","964526","32496","0","3","-15","116.3905020324006500 39.9921500646466940 -15.0000000000000000, 116.3904938327751900 39.9921497006419460 -15.0000000000000000"
"0","964526","32496","0","3","-15","116.3904938327751900 39.9921497006419460 -15.0000000000000000, 116.3904850912458100 39.9921388710002930 -15.0000000000000000"
"0","964526","32496","0","3","-15","116.3904980736121100 39.9923684522886450 -15.0000000000000000, 116.3906187274612200 39.9923392344964130 -15.0000000000000000"
"0","964526","32496","0","3","-15","116.3906187274612200 39.9923392344964130 -15.0000000000000000, 116.3908617223332000 39.9922747603239090 -15.0000000000000000"
"0","964526","32496","0","3","-15","116.3908617223332000 39.9922747603239090 -15.0000000000000000, 116.3909110890584900 39.9922583221733560 -15.0000000000000000"
"0","964526","32496","0","3","-15","116.3908617223332000 39.9922747603239090 -15.0000000000000000, 116.3908648969450300 39.9922835641443870 -15.0000000000000000"
"0","964526","32496","0","3","-15","116.3908648969450300 39.9922835641443870 -15.0000000000000000, 116.3908789203498200 39.9922867667176900 -15.0000000000000000"
"0","964526","32496","0","3","-15","116.3909110890584900 39.9922583221733560 -15.0000000000000000, 116.3909108771054800 39.9922272852927070 -15.0000000000000000"
"0","964526","32496","0","3","-15","116.3909110890584900 39.9922583221733560 -15.0000000000000000, 116.3910880163541000 39.9921944548205200 -15.0000000000000000"
"0","964526","32496","0","3","-15","116.3910880163541000 39.9921944548205200 -15.0000000000000000, 116.3913317228262800 39.9921122123889820 -15.0000000000000000"
"0","964526","32496","0","3","-15","116.3913317228262800 39.9921122123889820 -15.0000000000000000, 116.3913673114461600 39.9921014873845310 -15.0000000000000000"
"0","964526","32496","0","3","-15","116.3913673114461600 39.9921014873845310 -15.0000000000000000, 116.3913498668933600 39.9920408315788260 -15.0000000000000000"
"0","964526","32496","0","3","-15","116.3913317228262800 39.9921122123889820 -15.0000000000000000, 116.3913267446680800 39.9920999027860300 -15.0000000000000000"
"0","964526","32496","0","3","-15","116.3913267446680800 39.9920999027860300 -15.0000000000000000, 116.3913391230395700 39.9920964143629830 -15.0000000000000000"
"0","964526","32496","0","3","-15","116.3913673114461600 39.9921014873845310 -15.0000000000000000, 116.3915700382630800 39.9920340025635430 -15.0000000000000000"
"0","964526","32496","0","3","-15","116.3915700382630800 39.9920340025635430 -15.0000000000000000, 116.3915580850083400 39.9919999272182030 -15.0000000000000000"
"0","964526","32496","0","3","-15","116.3915700382630800 39.9920340025635430 -15.0000000000000000, 116.3916273647888500 39.9920149462671330 -15.0000000000000000"
"0","964526","32496","0","3","-15","116.3916273647888500 39.9920149462671330 -15.0000000000000000, 116.3916206860621400 39.9919958299244130 -15.0000000000000000"
"0","964526","32496","0","3","-15","116.3916206860621400 39.9919958299244130 -15.0000000000000000, 116.3916013134930000 39.9920029527680260 -15.0000000000000000"
"0","964526","32496","0","3","-15","116.3916273647888500 39.9920149462671330 -15.0000000000000000, 116.3917711975547600 39.9919656116425560 -15.0000000000000000"
"0","964526","32496","0","3","-15","116.3917711975547600 39.9919656116425560 -15.0000000000000000, 116.3917761547917800 39.9919472252026150 -15.0000000000000000"
"0","964526","32496","0","3","-15","116.3917761547917800 39.9919472252026150 -15.0000000000000000, 116.3917928111535100 39.9919441302484270 -15.0000000000000000"
"0","964526","32496","0","3","-15","116.3917928111535100 39.9919441302484270 -15.0000000000000000, 116.3918112130798200 39.9919399246157640 -15.0000000000000000"
"0","964526","32496","0","3","-15","116.3918112130798200 39.9919399246157640 -15.0000000000000000, 116.3918136273858900 39.9919510310128670 -15.0000000000000000"
"0","964526","32496","0","3","-15","116.3918136273858900 39.9919510310128670 -15.0000000000000000, 116.3918395971633000 39.9919438135548620 -15.0000000000000000"
"0","964526","32496","0","3","-15","116.3917928111535100 39.9919441302484270 -15.0000000000000000, 116.3917940255053100 39.9916154668867210 -15.0000000000000000"
"0","964526","32496","0","3","-15","116.3917940255053100 39.9916154668867210 -15.0000000000000000, 116.3917838964230800 39.9916158329073570 -15.0000000000000000"
"0","964526","32496","0","3","-15","116.3917838964230800 39.9916158329073570 -15.0000000000000000, 116.3917838964230800 39.9916029648250560 -15.0000000000000000"
"0","964526","32496","0","3","-15","116.3917940255053100 39.9916154668867210 -15.0000000000000000, 116.3917968022404600 39.9913183524685820 -15.0000000000000000"
"0","964526","32496","0","3","-15","116.3917968022404600 39.9913183524685820 -15.0000000000000000, 116.3917964762409700 39.9913012432215350 -15.0000000000000000"
"0","964526","32496","0","3","-15","116.3917964762409700 39.9913012432215350 -15.0000000000000000, 116.3917266763038500 39.9913042866283770 -15.0000000000000000"
"0","964526","32496","0","3","-15","116.3917968022404600 39.9913183524685820 -15.0000000000000000, 116.3917704097713000 39.9913192165623530 -15.0000000000000000"
"0","964526","32496","0","3","-15","116.3917704097713000 39.9913192165623530 -15.0000000000000000, 116.3917704097713000 39.9913445941387310 -15.0000000000000000"
"0","964526","32496","0","3","-15","116.3917964762409700 39.9913012432215350 -15.0000000000000000, 116.3917972152625400 39.9909895499016770 -15.0000000000000000"
"0","964526","32496","0","3","-15","116.3918395971633000 39.9919438135548620 -15.0000000000000000, 116.3920740897604700 39.9918633355849240 -15.0000000000000000"
"0","964526","32496","0","3","-15","116.3918395971633000 39.9919438135548620 -15.0000000000000000, 116.3918345579081100 39.9919267024829070 -15.0000000000000000"
"0","964526","32496","0","3","-15","116.3918345579081100 39.9919267024829070 -15.0000000000000000, 116.3918571103181600 39.9919211744518110 -15.0000000000000000"
"0","964526","32496","0","3","-15","116.3920740897604700 39.9918633355849240 -15.0000000000000000, 116.3920693707367200 39.9918498906786870 -15.0000000000000000"
"0","964526","32496","0","3","-15","116.3920740897604700 39.9918633355849240 -15.0000000000000000, 116.3922847685848400 39.9917925562390050 -15.0000000000000000"
"0","964526","32496","0","3","-15","116.3922847685848400 39.9917925562390050 -15.0000000000000000, 116.3923072832657700 39.9917840482638600 -15.0000000000000000"
"0","964526","32496","0","3","-15","116.3923072832657700 39.9917840482638600 -15.0000000000000000, 116.3923057158093000 39.9917711434920590 -15.0000000000000000"
"0","964526","32496","0","3","-15","116.3922847685848400 39.9917925562390050 -15.0000000000000000, 116.3922796845100200 39.9917798579731070 -15.0000000000000000"
"0","964526","32496","0","3","-15","116.3923057158093000 39.9917711434920590 -15.0000000000000000, 116.3925082988867500 39.9917070874400340 -15.0000000000000000"
"0","964526","32496","0","3","-15","116.3925082988867500 39.9917070874400340 -15.0000000000000000, 116.3925605376321200 39.9916893831171410 -15.0000000000000000"
"0","964526","32496","0","3","-15","116.3925082988867500 39.9917070874400340 -15.0000000000000000, 116.3925123446773400 39.9917200388012760 -15.0000000000000000"
"0","964526","32496","0","3","-15","116.3925123446773400 39.9917200388012760 -15.0000000000000000, 116.3925356074149100 39.9917132760134990 -15.0000000000000000"
"0","964526","32496","0","3","-15","116.3925605376321200 39.9916893831171410 -15.0000000000000000, 116.3925621457365900 39.9914504145094300 -15.0000000000000000"
"0","964526","32496","0","3","-15","116.3925621457365900 39.9914504145094300 -15.0000000000000000, 116.3925847863449800 39.9914503276863730 -15.0000000000000000"
"0","964526","32496","0","3","-15","116.3925847863449800 39.9914503276863730 -15.0000000000000000, 116.3925843855872000 39.9914787806034580 -15.0000000000000000"
"0","964526","32496","0","3","-15","116.3925621457365900 39.9914504145094300 -15.0000000000000000, 116.3925647721227800 39.9913167980535960 -15.0000000000000000"
"0","964526","32496","0","3","-15","116.3925647721227800 39.9913167980535960 -15.0000000000000000, 116.3925732399743000 39.9913068339874510 -15.0000000000000000"
"0","964526","32496","0","3","-15","116.3925732399743000 39.9913068339874510 -15.0000000000000000, 116.3925752133517200 39.9912488641186880 -15.0000000000000000"
"0","964526","32496","0","3","-15","116.3925752133517200 39.9912488641186880 -15.0000000000000000, 116.3925753220202600 39.9911034911096830 -15.0000000000000000"
"0","964526","32496","0","3","-15","116.3925752133517200 39.9912488641186880 -15.0000000000000000, 116.3925450821311400 39.9912489911963150 -15.0000000000000000"
"0","964526","32496","0","3","-15","116.3925450821311400 39.9912489911963150 -15.0000000000000000, 116.3925450821311400 39.9912209841563350 -15.0000000000000000"
"0","964526","32496","0","3","-15","116.3925753220202600 39.9911034911096830 -15.0000000000000000, 116.3925895092640300 39.9910817241350000 -15.0000000000000000"
"0","964526","32496","0","3","-15","116.3925895092640300 39.9910817241350000 -15.0000000000000000, 116.3925891378163200 39.9910489922092370 -15.0000000000000000"
"0","964526","32496","0","3","-15","116.3925891378163200 39.9910489922092370 -15.0000000000000000, 116.3925885465244200 39.9910296085037590 -15.0000000000000000"
"0","964526","32496","0","3","-15","116.3925885465244200 39.9910296085037590 -15.0000000000000000, 116.3925881587937900 39.9909937241473370 -15.0000000000000000"
"0","964526","32496","0","3","-15","116.3925881587937900 39.9909937241473370 -15.0000000000000000, 116.3925690994694700 39.9909937241473370 -15.0000000000000000"
"0","964526","32496","0","3","-15","116.3925690994694700 39.9909937241473370 -15.0000000000000000, 116.3925691896366000 39.9909349622769100 -15.0000000000000000"
"0","964526","32496","0","3","-15","116.3925691896366000 39.9909349622769100 -15.0000000000000000, 116.3925556159962300 39.9909352349272210 -15.0000000000000000"
"0","964526","32496","0","3","-15","116.3925556159962300 39.9909352349272210 -15.0000000000000000, 116.3925556159962300 39.9909486102185950 -15.0000000000000000"
"0","964526","32496","0","3","-15","116.3925885465244200 39.9910296085037590 -15.0000000000000000, 116.3926133153625000 39.9910284965967970 -15.0000000000000000"
"0","964526","32496","0","3","-15","116.3926133153625000 39.9910284965967970 -15.0000000000000000, 116.3926988755207800 39.9910290841472930 -15.0000000000000000"
"0","964526","32496","0","3","-15","116.3925891378163200 39.9910489922092370 -15.0000000000000000, 116.3926130507657300 39.9910481488081330 -15.0000000000000000"
"0","964526","32496","0","3","-15","116.3926130507657300 39.9910481488081330 -15.0000000000000000, 116.3926130507657300 39.9911640786867860 -15.0000000000000000"
"0","964526","32496","0","3","-15","116.3926130507657300 39.9910481488081330 -15.0000000000000000, 116.3926967758669400 39.9910486508045720 -15.0000000000000000"
"0","964526","32496","0","3","-15","116.3905020324006500 39.9921500646466940 -15.0000000000000000, 116.3905065173228200 39.9918525986027480 -15.0000000000000000"
"0","964526","32496","0","3","-15","116.3905065173228200 39.9918525986027480 -15.0000000000000000, 116.3904978668903900 39.9918525986027480 -15.0000000000000000"
"0","964526","32496","0","3","-15","116.3904978668903900 39.9918525986027480 -15.0000000000000000, 116.3904978668903900 39.9918404661521190 -15.0000000000000000"
"0","964526","32496","0","3","-15","116.3905065173228200 39.9918525986027480 -15.0000000000000000, 116.3905114839687100 39.9915781772007650 -15.0000000000000000"
"0","964526","32496","0","3","-15","116.3905114839687100 39.9915781772007650 -15.0000000000000000, 116.3904986227436400 39.9915780857700510 -15.0000000000000000"
"0","964526","32496","0","3","-15","116.3904986227436400 39.9915780857700510 -15.0000000000000000, 116.3904992990224100 39.9915638976788660 -15.0000000000000000"
"0","964526","32496","0","3","-15","116.3905114839687100 39.9915781772007650 -15.0000000000000000, 116.3905142372565700 39.9915338449446980 -15.0000000000000000"
"0","964526","32496","0","3","-15","116.3905142372565700 39.9915338449446980 -15.0000000000000000, 116.3905137280240000 39.9915222037115680 -15.0000000000000000"
"0","964526","32496","0","3","-15","116.3905137280240000 39.9915222037115680 -15.0000000000000000, 116.3905372930403000 39.9915213563942370 -15.0000000000000000"
"0","964526","32496","0","3","-15","116.3905372930403000 39.9915213563942370 -15.0000000000000000, 116.3906430126745300 39.9915193502994270 -15.0000000000000000"
"0","964526","32496","0","3","-15","116.3905142372565700 39.9915338449446980 -15.0000000000000000, 116.3904499900952900 39.9915328900155490 -15.0000000000000000"
"0","964526","32496","0","3","-15","116.3904499900952900 39.9915328900155490 -15.0000000000000000, 116.3904436002797700 39.9915328900155490 -15.0000000000000000"
"0","964526","32496","0","3","-15","116.3904499900952900 39.9915328900155490 -15.0000000000000000, 116.3904499900952900 39.9915429442658380 -15.0000000000000000"
"0","964526","32496","0","3","-15","116.3904436002797700 39.9915328900155490 -15.0000000000000000, 116.3904403800857800 39.9919791864339300 -15.0000000000000000"
"0","964526","32496","0","3","-15","116.3905372930403000 39.9915213563942370 -15.0000000000000000, 116.3905372930403000 39.9914568700874540 -15.0000000000000000"
"0","964526","32496","0","3","-15","116.3905372930403000 39.9914568700874540 -15.0000000000000000, 116.3905128827602800 39.9913869535135970 -15.0000000000000000"
"0","964526","32496","0","3","-15","116.3905128827602800 39.9913869535135970 -15.0000000000000000, 116.3910886792575600 39.9913963271521310 -15.0000000000000000"
"0","964526","32496","0","3","-15","116.3910886792575600 39.9913963271521310 -15.0000000000000000, 116.3910873270309000 39.9913663192251930 -15.0000000000000000"
"0","964526","32496","0","3","-15","116.3910873270309000 39.9913663192251930 -15.0000000000000000, 116.3911266330845000 39.9913670750421280 -15.0000000000000000"
"0","964526","32496","0","3","-15","116.3911266330845000 39.9913670750421280 -15.0000000000000000, 116.3911293558406000 39.9913475033159500 -15.0000000000000000"
"0","964526","32496","0","3","-15","116.3911293558406000 39.9913475033159500 -15.0000000000000000, 116.3911288811822700 39.9913091193614750 -15.0000000000000000"
"0","964526","32496","0","3","-15","116.3911288811822700 39.9913091193614750 -15.0000000000000000, 116.3911167374128300 39.9913090338527230 -15.0000000000000000"
"0","964526","32496","0","3","-15","116.3911167374128300 39.9913090338527230 -15.0000000000000000, 116.3911167374128300 39.9912970345013430 -15.0000000000000000"
"0","964526","32496","0","3","-15","116.3911288811822700 39.9913091193614750 -15.0000000000000000, 116.3911356622704400 39.9909829380834130 -15.0000000000000000"
"0","964526","32496","0","3","-15","116.3911356622704400 39.9909829380834130 -15.0000000000000000, 116.3911250528996000 39.9909827122298220 -15.0000000000000000"
"0","964526","32496","0","3","-15","116.3911250528996000 39.9909827122298220 -15.0000000000000000, 116.3911250528996000 39.9909963743274090 -15.0000000000000000"
"0","964526","32496","0","3","-15","116.3911356622704400 39.9909829380834130 -15.0000000000000000, 116.3911353247566200 39.9909656247378110 -15.0000000000000000"
"0","964526","32496","0","3","-15","116.3911353247566200 39.9909656247378110 -15.0000000000000000, 116.3912070569855900 39.9909698254352790 -15.0000000000000000"
"0","964526","32496","0","3","-15","116.3911353247566200 39.9909656247378110 -15.0000000000000000, 116.3911405905977900 39.9906625768802120 -15.0000000000000000"
"0","964526","32496","0","3","-15","116.3911405905977900 39.9906625768802120 -15.0000000000000000, 116.3911276668786700 39.9906627650989460 -15.0000000000000000"
"0","964526","32496","0","3","-15","116.3911276668786700 39.9906627650989460 -15.0000000000000000, 116.3911276668786700 39.9906787213398620 -15.0000000000000000"
"0","964526","32496","0","3","-15","116.3911405905977900 39.9906625768802120 -15.0000000000000000, 116.3911487021030100 39.9903930861305530 -15.0000000000000000"
"0","964526","32496","0","3","-15","116.3909108771054800 39.9922272852927070 -15.0000000000000000, 116.3909179179653500 39.9915123826095140 -15.0000000000000000"
"0","964526","32496","0","3","-15","116.3909179179653500 39.9915123826095140 -15.0000000000000000, 116.3907037562732100 39.9915185803520000 -15.0000000000000000"
"0","964526","32496","0","3","-15","116.3909179179653500 39.9915123826095140 -15.0000000000000000, 116.3909701079820700 39.9915123826095140 -15.0000000000000000"
"0","964526","32496","0","3","-15","116.3909701079820700 39.9915123826095140 -15.0000000000000000, 116.3909701079820700 39.9914890083285140 -15.0000000000000000"
"0","964526","32496","0","3","-15","116.3909701079820700 39.9914890083285140 -15.0000000000000000, 116.3910592049167300 39.9914866688668060 -15.0000000000000000"
"0","964526","32496","0","3","-15","116.3910592049167300 39.9914866688668060 -15.0000000000000000, 116.3910679211194000 39.9915004189862490 -15.0000000000000000"
"0","964526","32496","0","3","-15","116.3910679211194000 39.9915004189862490 -15.0000000000000000, 116.3910876404662800 39.9915258357419030 -15.0000000000000000"
"0","964526","32496","0","3","-15","116.3910876404662800 39.9915258357419030 -15.0000000000000000, 116.3911232627393400 39.9915273492531330 -15.0000000000000000"
"0","964526","32496","0","3","-15","116.3911232627393400 39.9915273492531330 -15.0000000000000000, 116.3911226017794400 39.9914742264452060 -15.0000000000000000"
"0","964526","32496","0","3","-15","116.3911226017794400 39.9914742264452060 -15.0000000000000000, 116.3911226017794400 39.9914273966381940 -15.0000000000000000"
"0","964526","32496","0","3","-15","116.3911226017794400 39.9914742264452060 -15.0000000000000000, 116.3911893537733700 39.9914690348716420 -15.0000000000000000"
"0","964526","32496","0","3","-15","116.3911893537733700 39.9914690348716420 -15.0000000000000000, 116.3911962306293600 39.9914693440583090 -15.0000000000000000"
"0","964526","32496","0","3","-15","116.3911893537733700 39.9914690348716420 -15.0000000000000000, 116.3911924130467100 39.9913210527487240 -15.0000000000000000"
"0","964526","32496","0","3","-15","116.3911924130467100 39.9913210527487240 -15.0000000000000000, 116.3912001152103700 39.9913206758761110 -15.0000000000000000"
"0","964526","32496","0","3","-15","116.3911962306293600 39.9914693440583090 -15.0000000000000000, 116.3911939862560100 39.9916513193616510 -15.0000000000000000"
"0","964526","32496","0","3","-15","116.3911232627393400 39.9915273492531330 -15.0000000000000000, 116.3911222641372700 39.9916767452677110 -15.0000000000000000"
"0","964526","32496","0","3","-15","116.3911222641372700 39.9916767452677110 -15.0000000000000000, 116.3911028163367700 39.9916771036425730 -15.0000000000000000"
"0","964526","32496","0","3","-15","116.3911028163367700 39.9916771036425730 -15.0000000000000000, 116.3911028163367700 39.9916964533559560 -15.0000000000000000"
"0","964526","32496","0","3","-15","116.3911222641372700 39.9916767452677110 -15.0000000000000000, 116.3911241835231200 39.9917872809563590 -15.0000000000000000"
"0","964526","32496","0","3","-15","116.3905128827602800 39.9913869535135970 -15.0000000000000000, 116.3905090062104800 39.9912953549358790 -15.0000000000000000"
"0","964526","32496","0","3","-15","116.3905090062104800 39.9912953549358790 -15.0000000000000000, 116.3905042401611100 39.9912334345008770 -15.0000000000000000"
"0","964526","32496","0","3","-15","116.3905042401611100 39.9912334345008770 -15.0000000000000000, 116.3905073937457500 39.9912243377505660 -15.0000000000000000"
"0","964526","32496","0","3","-15","116.3905073937457500 39.9912243377505660 -15.0000000000000000, 116.3905152020966500 39.9912273593893560 -15.0000000000000000"
"0","964526","32496","0","3","-15","116.3905152020966500 39.9912273593893560 -15.0000000000000000, 116.3905192597693100 39.9912158125554170 -15.0000000000000000"
"0","964526","32496","0","3","-15","116.3905073937457500 39.9912243377505660 -15.0000000000000000, 116.3905817505376200 39.9909836059182170 -15.0000000000000000"
"0","964526","32496","0","3","-15","116.3905817505376200 39.9909836059182170 -15.0000000000000000, 116.3905992493389000 39.9909897954269410 -15.0000000000000000"
"0","964526","32496","0","3","-15","116.3905992493389000 39.9909897954269410 -15.0000000000000000, 116.3906050586636200 39.9909742784148820 -15.0000000000000000"
"0","964526","32496","0","3","-15","116.3905817505376200 39.9909836059182170 -15.0000000000000000, 116.3906780268674800 39.9906956145831390 -15.0000000000000000"
"0","964526","32496","0","3","-15","116.3906780268674800 39.9906956145831390 -15.0000000000000000, 116.3906810751821400 39.9906839670360910 -15.0000000000000000"
"0","964526","32496","0","3","-15","116.3906780268674800 39.9906956145831390 -15.0000000000000000, 116.3906726441947100 39.9906940242303220 -15.0000000000000000"
"0","964526","32496","0","3","-15","116.3903442874620400 39.9924551557651140 -15.0000000000000000, 116.3903412013359300 39.9925742720841060 -15.0000000000000000"
"0","964526","32496","0","3","-15","116.3903412013359300 39.9925742720841060 -15.0000000000000000, 116.3903389938328000 39.9926021068010440 -15.0000000000000000"
"0","964526","32496","0","3","-15","116.3903389938328000 39.9926021068010440 -15.0000000000000000, 116.3902471241674300 39.9925998674733310 -15.0000000000000000"
"0","964526","32496","0","3","-15","116.3903389938328000 39.9926021068010440 -15.0000000000000000, 116.3904102316356300 39.9926022874536500 -15.0000000000000000"
"0","964526","32496","0","3","-15","116.3904102316356300 39.9926022874536500 -15.0000000000000000, 116.3905684252267600 39.9926040680319800 -15.0000000000000000"
"0","964526","32496","0","3","-15","116.3905684252267600 39.9926040680319800 -15.0000000000000000, 116.3905851018731300 39.9926310591132220 -15.0000000000000000"
"0","964526","32496","0","3","-15","116.3905851018731300 39.9926310591132220 -15.0000000000000000, 116.3906865514385900 39.9926322009982800 -15.0000000000000000"
"0","964526","32496","0","3","-15","116.3906865514385900 39.9926322009982800 -15.0000000000000000, 116.3912079752155900 39.9926398871615870 -15.0000000000000000"
"0","964526","32496","0","3","-15","116.3912079752155900 39.9926398871615870 -15.0000000000000000, 116.3912668675923600 39.9926398083307790 -15.0000000000000000"
"0","964526","32496","0","3","-15","116.3912668675923600 39.9926398083307790 -15.0000000000000000, 116.3917451451781100 39.9926456417178710 -15.0000000000000000"
"0","964526","32496","0","3","-15","116.3917451451781100 39.9926456417178710 -15.0000000000000000, 116.3917801292063100 39.9926464662203930 -15.0000000000000000"
"0","964526","32496","0","3","-15","116.3917801292063100 39.9926464662203930 -15.0000000000000000, 116.3917797742822600 39.9926528130768160 -15.0000000000000000"
"0","964526","32496","0","3","-15","116.3917797742822600 39.9926528130768160 -15.0000000000000000, 116.3918626409039700 39.9926548119605270 -15.0000000000000000"
"0","964526","32496","0","3","-15","116.3918626409039700 39.9926548119605270 -15.0000000000000000, 116.3918791114631100 39.9926548119605270 -15.0000000000000000"
"0","964526","32496","0","3","-15","116.3918791114631100 39.9926548119605270 -15.0000000000000000, 116.3918790838628900 39.9926406636219200 -15.0000000000000000"
"0","964526","32496","0","3","-15","116.3918791114631100 39.9926548119605270 -15.0000000000000000, 116.3918789604197600 39.9927057375982640 -15.0000000000000000"
"0","964526","32496","0","3","-15","116.3918789604197600 39.9927057375982640 -15.0000000000000000, 116.3918935935251400 39.9927057375982640 -15.0000000000000000"
"0","964526","32496","0","3","-15","116.3885977015490700 39.9924355331403660 -15.0000000000000000, 116.3885993517908900 39.9924179878841600 -15.0000000000000000"
"0","964526","32496","0","3","-15","116.3885993517908900 39.9924179878841600 -15.0000000000000000, 116.3886063212605500 39.9923052993159800 -15.0000000000000000"
"0","964526","32496","0","3","-15","116.3886063212605500 39.9923052993159800 -15.0000000000000000, 116.3885929793364400 39.9923053809262830 -15.0000000000000000"
"0","964526","32496","0","3","-15","116.3885929793364400 39.9923053809262830 -15.0000000000000000, 116.3885946768259300 39.9921378673557370 -15.0000000000000000"
"0","964526","32496","0","3","-15","116.3891231888187400 39.9924421105077950 -15.0000000000000000, 116.3891186722203300 39.9925520546269690 -15.0000000000000000"
"0","964526","32496","0","3","-15","116.3891186722203300 39.9925520546269690 -15.0000000000000000, 116.3891231888187400 39.9926829966220720 -15.0000000000000000"
"0","964526","32496","0","3","-15","116.3891231888187400 39.9926829966220720 -15.0000000000000000, 116.3891684670635400 39.9926829966220720 -15.0000000000000000"
"0","964526","32496","0","3","-15","116.3891684670635400 39.9926829966220720 -15.0000000000000000, 116.3891684670635400 39.9929577903864550 -15.0000000000000000"
"0","964526","32496","0","3","-15","116.3900952253082400 39.9924544437133850 -15.0000000000000000, 116.3900952253082400 39.9921981625623890 -15.0000000000000000"
"0","964526","32496","0","3","-15","116.3900952253082400 39.9921981625623890 -15.0000000000000000, 116.3900952253082400 39.9917872809563590 -15.0000000000000000"
"0","964526","32496","0","3","-15","116.3900952253082400 39.9917872809563590 -15.0000000000000000, 116.3900138728460300 39.9917837399897280 -15.0000000000000000"
"0","964526","32496","0","3","-15","116.3900138728460300 39.9917837399897280 -15.0000000000000000, 116.3900138728460300 39.9916736361175110 -15.0000000000000000"
"0","964526","32496","0","3","-15","116.3900952253082400 39.9921981625623890 -15.0000000000000000, 116.3899393650065700 39.9921981625623890 -15.0000000000000000"
"0","964526","32496","0","3","-15","116.3906810751821400 39.9906839670360910 -15.0000000000000000, 116.3907096636715700 39.9906009794276040 -15.0000000000000000"
"0","964526","32496","0","3","-15","116.3907096636715700 39.9906009794276040 -15.0000000000000000, 116.3907244592181500 39.9906050994590740 -15.0000000000000000"
"0","964526","32496","0","3","-15","116.3907244592181500 39.9906050994590740 -15.0000000000000000, 116.3908144988042600 39.9906388256270660 -15.0000000000000000"
"0","964526","32496","0","3","-15","116.3908144988042600 39.9906388256270660 -15.0000000000000000, 116.3908076916877800 39.9906592469764920 -15.0000000000000000"
"0","964526","32496","0","3","-15","116.3908076916877800 39.9906592469764920 -15.0000000000000000, 116.3908364672256100 39.9906666729217410 -15.0000000000000000"
"0","964526","32496","0","3","-15","116.3908364672256100 39.9906666729217410 -15.0000000000000000, 116.3909388833871400 39.9906940242303220 -15.0000000000000000"
"0","964526","32496","0","3","-15","116.3909388833871400 39.9906940242303220 -15.0000000000000000, 116.3909499449514000 39.9906592469764920 -15.0000000000000000"
"0","964526","32496","0","3","-15","116.3909499449514000 39.9906592469764920 -15.0000000000000000, 116.3909957382804200 39.9905173804808530 -15.0000000000000000"
"0","964526","32496","0","3","-15","116.3900138728460300 39.9916736361175110 -15.0000000000000000, 116.3901485507373100 39.9916771036425730 -15.0000000000000000"
"0","964526","32496","0","3","-15","116.3900138728460300 39.9916736361175110 -15.0000000000000000, 116.3895496138842700 39.9916771036425730 -15.0000000000000000"
"0","964526","32496","0","3","-15","116.3895496138842700 39.9916771036425730 -15.0000000000000000, 116.3893820791002200 39.9916736361175110 -15.0000000000000000"
"0","964526","32496","0","3","-15","116.3893820791002200 39.9916736361175110 -15.0000000000000000, 116.3893778907306000 39.9917837399897280 -15.0000000000000000"
"0","964526","32496","0","3","-15","116.3893778907306000 39.9917837399897280 -15.0000000000000000, 116.3892407827903000 39.9917837399897280 -15.0000000000000000"
"0","964526","32496","0","3","-15","116.3893820791002200 39.9916736361175110 -15.0000000000000000, 116.3888836631176100 39.9916736361175110 -15.0000000000000000"
"0","964526","32496","0","3","-15","116.3895496138842700 39.9916771036425730 -15.0000000000000000, 116.3895529645799600 39.9915945765478750 -15.0000000000000000"
"0","964526","32496","0","3","-15","116.3895529645799600 39.9915945765478750 -15.0000000000000000, 116.3895529645799600 39.9912953549358790 -15.0000000000000000"
"0","964526","32496","0","3","-15","116.3895529645799600 39.9912953549358790 -15.0000000000000000, 116.3895529645799600 39.9909656247378110 -15.0000000000000000"
"0","964526","32496","0","3","-15","116.3895529645799600 39.9912953549358790 -15.0000000000000000, 116.3896283552327900 39.9912953549358790 -15.0000000000000000"
"0","964526","32496","0","3","-15","116.3896283552327900 39.9912953549358790 -15.0000000000000000, 116.3896333812763100 39.9911908177182770 -15.0000000000000000"
"0","964526","32496","0","3","-15","116.3895529645799600 39.9909656247378110 -15.0000000000000000, 116.3892916103168200 39.9909656247378110 -15.0000000000000000"
"0","964526","32496","0","3","-15","116.3892916103168200 39.9909656247378110 -15.0000000000000000, 116.3888225129214200 39.9909656247378110 -15.0000000000000000"
"0","964526","32496","0","3","-15","116.3888836631176100 39.9916736361175110 -15.0000000000000000, 116.3888843640831500 39.9917030613518070 -15.0000000000000000"
"0","964526","32496","0","3","-15","116.3888843640831500 39.9917030613518070 -15.0000000000000000, 116.3888315249525400 39.9917044337967550 -15.0000000000000000"
"0","964526","32496","0","3","-15","116.3888315249525400 39.9917044337967550 -15.0000000000000000, 116.3888294662851200 39.9916736361175110 -15.0000000000000000"
"0","964526","32496","0","3","-15","116.3888294662851200 39.9916736361175110 -15.0000000000000000, 116.3886572244437500 39.9916736361175110 -15.0000000000000000"
"0","964526","32496","0","3","-15","116.3895529645799600 39.9915945765478750 -15.0000000000000000, 116.3895620965730300 39.9915945116200720 -15.0000000000000000"
"0","964526","32496","0","3","-15","116.3895620965730300 39.9915945116200720 -15.0000000000000000, 116.3895978495325600 39.9915945765478750 -15.0000000000000000"
"0","964526","32496","0","3","-15","116.3895978495325600 39.9915945765478750 -15.0000000000000000, 116.3896846460255600 39.9915945765478750 -15.0000000000000000"
"0","964526","32496","0","3","-15","116.3896846460255600 39.9915945765478750 -15.0000000000000000, 116.3897102802229600 39.9915945765478750 -15.0000000000000000"
"0","964526","32496","0","3","-15","116.3897102802229600 39.9915945765478750 -15.0000000000000000, 116.3897096056388100 39.9916032812139260 -15.0000000000000000"
"0","964526","32496","0","3","-15","116.3897096056388100 39.9916032812139260 -15.0000000000000000, 116.3897399619252300 39.9916032812139260 -15.0000000000000000"
"0","964526","32496","0","3","-15","116.3897399619252300 39.9916032812139260 -15.0000000000000000, 116.3897732414095900 39.9916032812139260 -15.0000000000000000"
"0","964526","32496","0","3","-15","116.3897732414095900 39.9916032812139260 -15.0000000000000000, 116.3897739159937300 39.9915945765478750 -15.0000000000000000"
"0","964526","32496","0","3","-15","116.3897739159937300 39.9915945765478750 -15.0000000000000000, 116.3897739159937300 39.9915843928579380 -15.0000000000000000"
"0","964526","32496","0","3","-15","116.3897739159937300 39.9915843928579380 -15.0000000000000000, 116.3897851590627700 39.9915843928579380 -15.0000000000000000"
"0","964526","32496","0","3","-15","116.3897851590627700 39.9915843928579380 -15.0000000000000000, 116.3897851590627700 39.9915409946114480 -15.0000000000000000"
"0","964526","32496","0","3","-15","116.3897851590627700 39.9915409946114480 -15.0000000000000000, 116.3897739159937300 39.9915409946114480 -15.0000000000000000"
"0","964526","32496","0","3","-15","116.3897739159937300 39.9915409946114480 -15.0000000000000000, 116.3897739159937300 39.9915158101368040 -15.0000000000000000"
"0","964526","32496","0","3","-15","116.3897739159937300 39.9915158101368040 -15.0000000000000000, 116.3897739159937300 39.9915052416519000 -15.0000000000000000"
"0","964526","32496","0","3","-15","116.3897739159937300 39.9915052416519000 -15.0000000000000000, 116.3897833601717200 39.9915045670677640 -15.0000000000000000"
"0","964526","32496","0","3","-15","116.3897833601717200 39.9915045670677640 -15.0000000000000000, 116.3897833601717200 39.9914510500591330 -15.0000000000000000"
"0","964526","32496","0","3","-15","116.3895529645799600 39.9909656247378110 -15.0000000000000000, 116.3895813804127600 39.9909656247378110 -15.0000000000000000"
"0","964526","32496","0","3","-15","116.3895813804127600 39.9909656247378110 -15.0000000000000000, 116.3896760791143900 39.9909656247378110 -15.0000000000000000"
"0","964526","32496","0","3","-15","116.3896760791143900 39.9909656247378110 -15.0000000000000000, 116.3896985047722700 39.9909551344325610 -15.0000000000000000"
"0","964526","32496","0","3","-15","116.3896985047722700 39.9909551344325610 -15.0000000000000000, 116.3897057003364500 39.9909656247378110 -15.0000000000000000"
"0","964526","32496","0","3","-15","116.3897057003364500 39.9909656247378110 -15.0000000000000000, 116.3897216654944900 39.9909562587394660 -15.0000000000000000"
"0","964526","32496","0","3","-15","116.3896985047722700 39.9909551344325610 -15.0000000000000000, 116.3897871001563000 39.9909020671466990 -15.0000000000000000"
"0","964526","32496","0","3","-15","116.3897871001563000 39.9909020671466990 -15.0000000000000000, 116.3897954818251300 39.9909145141156590 -15.0000000000000000"
"0","964526","32496","0","3","-15","116.3897954818251300 39.9909145141156590 -15.0000000000000000, 116.3898737111873500 39.9909103967808050 -15.0000000000000000"
"0","964526","32496","0","3","-15","116.3898737111873500 39.9909103967808050 -15.0000000000000000, 116.3898716525199100 39.9909433354596330 -15.0000000000000000"
"0","964526","32496","0","3","-15","116.3898716525199100 39.9909433354596330 -15.0000000000000000, 116.3898918855597500 39.9909425421952420 -15.0000000000000000"
"0","964526","32496","0","3","-15","116.3898918855597500 39.9909425421952420 -15.0000000000000000, 116.3899233661530600 39.9909425421952420 -15.0000000000000000"
"0","964526","32496","0","3","-15","116.3899233661530600 39.9909425421952420 -15.0000000000000000, 116.3899566456374100 39.9909425421952420 -15.0000000000000000"
"0","964526","32496","0","3","-15","116.3899566456374100 39.9909425421952420 -15.0000000000000000, 116.3899566456374100 39.9909526609573760 -15.0000000000000000"
"0","964526","32496","0","3","-15","116.3899566456374100 39.9909526609573760 -15.0000000000000000, 116.3899858776169100 39.9909551344325610 -15.0000000000000000"
"0","964526","32496","0","3","-15","116.3899858776169100 39.9909551344325610 -15.0000000000000000, 116.3899863273396700 39.9909425421952420 -15.0000000000000000"
"0","964526","32496","0","3","-15","116.3899863273396700 39.9909425421952420 -15.0000000000000000, 116.3899863273396700 39.9909103967808050 -15.0000000000000000"
"0","964526","32496","0","3","-15","116.3899863273396700 39.9909103967808050 -15.0000000000000000, 116.3899762085775400 39.9909103967808050 -15.0000000000000000"
"0","964526","32496","0","3","-15","116.3899762085775400 39.9909103967808050 -15.0000000000000000, 116.3899762085775400 39.9908784567017150 -15.0000000000000000"
"0","964526","32496","0","3","-15","116.3899762085775400 39.9908784567017150 -15.0000000000000000, 116.3899863273396700 39.9908784567017150 -15.0000000000000000"
"0","964526","32496","0","3","-15","116.3899863273396700 39.9908784567017150 -15.0000000000000000, 116.3900166836260900 39.9908784567017150 -15.0000000000000000"
"0","964526","32496","0","3","-15","116.3899858776169100 39.9909551344325610 -15.0000000000000000, 116.3900774321707000 39.9909526609573760 -15.0000000000000000"
"0","964526","32496","0","3","-15","116.3900774321707000 39.9909526609573760 -15.0000000000000000, 116.3901110032721700 39.9909526609573760 -15.0000000000000000"
"0","964526","32496","0","3","-15","116.3901110032721700 39.9909526609573760 -15.0000000000000000, 116.3901118465023400 39.9909663149867210 -15.0000000000000000"
"0","964526","32496","0","3","-15","116.3901118465023400 39.9909663149867210 -15.0000000000000000, 116.3901624403130200 39.9909668771401740 -15.0000000000000000"
"0","964526","32496","0","3","-15","116.3901624403130200 39.9909668771401740 -15.0000000000000000, 116.3902090990495300 39.9909663149867210 -15.0000000000000000"
"0","964526","32496","0","3","-15","116.3901624403130200 39.9909668771401740 -15.0000000000000000, 116.3901615970828400 39.9909854282040910 -15.0000000000000000"
"0","964526","32496","0","3","-15","116.3901615970828400 39.9909854282040910 -15.0000000000000000, 116.3901250571084600 39.9910129737232370 -15.0000000000000000"
"0","964526","32496","0","3","-15","116.3901250571084600 39.9910129737232370 -15.0000000000000000, 116.3901250571084600 39.9910576649226640 -15.0000000000000000"
"0","964526","32496","0","3","-15","116.3901250571084600 39.9910576649226640 -15.0000000000000000, 116.3901250571084600 39.9910725619891420 -15.0000000000000000"
"0","964526","32496","0","3","-15","116.3901250571084600 39.9910725619891420 -15.0000000000000000, 116.3901399541749400 39.9910734052193250 -15.0000000000000000"
"0","964526","32496","0","3","-15","116.3892916103168200 39.9909656247378110 -15.0000000000000000, 116.3892909614757200 39.9909410678182550 -15.0000000000000000"
"0","964526","32496","0","3","-15","116.3892909614757200 39.9909410678182550 -15.0000000000000000, 116.3892909614757200 39.9908249217498830 -15.0000000000000000"
"0","964526","32496","0","3","-15","116.3892909614757200 39.9908249217498830 -15.0000000000000000, 116.3892909614757200 39.9908098436193170 -15.0000000000000000"
"0","964526","32496","0","3","-15","116.3892909614757200 39.9908098436193170 -15.0000000000000000, 116.3893408404131300 39.9908108488280190 -15.0000000000000000"
"0","964526","32496","0","3","-15","116.3893408404131300 39.9908108488280190 -15.0000000000000000, 116.3893408404131300 39.9907736561059580 -15.0000000000000000"
"0","964526","32496","0","3","-15","116.3893408404131300 39.9907736561059580 -15.0000000000000000, 116.3893483057631100 39.9907732808280510 -15.0000000000000000"
"0","964526","32496","0","3","-15","116.3893483057631100 39.9907732808280510 -15.0000000000000000, 116.3893483057631100 39.9907649174916240 -15.0000000000000000"
"0","964526","32496","0","3","-15","116.3893483057631100 39.9907649174916240 -15.0000000000000000, 116.3893676057702300 39.9907642741580600 -15.0000000000000000"
"0","964526","32496","0","3","-15","116.3893676057702300 39.9907642741580600 -15.0000000000000000, 116.3893676057702300 39.9907556963771140 -15.0000000000000000"
"0","964526","32496","0","3","-15","116.3893676057702300 39.9907556963771140 -15.0000000000000000, 116.3893819735533100 39.9907552674880690 -15.0000000000000000"
"0","964526","32496","0","3","-15","116.3912079752155900 39.9926398871615870 -15.0000000000000000, 116.3912070742592700 39.9926565128814890 -15.0000000000000000"
"0","964526","32496","0","3","-15","116.3912070742592700 39.9926565128814890 -15.0000000000000000, 116.3912070742592700 39.9927156844918700 -15.0000000000000000"
"0","964526","32496","0","3","-15","116.3912070742592700 39.9927156844918700 -15.0000000000000000, 116.3912625701565000 39.9927554740030830 -15.0000000000000000"
"0","964526","32496","0","3","-15","116.3912625701565000 39.9927554740030830 -15.0000000000000000, 116.3912609995179000 39.9927821748592930 -15.0000000000000000"
"0","964526","32496","0","3","-15","116.3912609995179000 39.9927821748592930 -15.0000000000000000, 116.3913259192467300 39.9927832219516970 -15.0000000000000000"
"0","964526","32496","0","3","-15","116.3913259192467300 39.9927832219516970 -15.0000000000000000, 116.3914604706201700 39.9927832219516970 -15.0000000000000000"
"0","964526","32496","0","3","-15","116.3914604706201700 39.9927832219516970 -15.0000000000000000, 116.3914604706201700 39.9928182995471100 -15.0000000000000000"
"0","964526","32496","0","3","-15","116.3913259192467300 39.9927832219516970 -15.0000000000000000, 116.3913274247823900 39.9927595527519490 -15.0000000000000000"
"0","964526","32496","0","3","-15","116.3913274247823900 39.9927595527519490 -15.0000000000000000, 116.3913672142936000 39.9927608092628260 -15.0000000000000000"
"0","964526","32496","0","3","-15","116.3917972152625400 39.9909895499016770 -15.0000000000000000, 116.3918258713648200 39.9909907343266510 -15.0000000000000000"
"0","964526","32496","0","3","-15","116.3918258713648200 39.9909907343266510 -15.0000000000000000, 116.3918945606262800 39.9909907343266510 -15.0000000000000000"
"0","964526","32496","0","3","-15","116.3918945606262800 39.9909907343266510 -15.0000000000000000, 116.3918952831200600 39.9909553007198180 -15.0000000000000000"
"0","964526","32496","0","3","-15","116.3918952831200600 39.9909553007198180 -15.0000000000000000, 116.3919365123833200 39.9909539918543190 -15.0000000000000000"
"0","964526","32496","0","3","-15","116.3917972152625400 39.9909895499016770 -15.0000000000000000, 116.3916891368037300 39.9909907343266510 -15.0000000000000000"
"0","964526","32496","0","3","-15","116.3916891368037300 39.9909907343266510 -15.0000000000000000, 116.3916871735054700 39.9909553007198180 -15.0000000000000000"
"0","964526","32496","0","3","-15","116.3916871735054700 39.9909553007198180 -15.0000000000000000, 116.3916020972479400 39.9909553007198180 -15.0000000000000000"
"0","964526","32496","0","3","-15","116.3916020972479400 39.9909553007198180 -15.0000000000000000, 116.3915523603589300 39.9909907343266510 -15.0000000000000000"
"0","964526","32496","0","3","-15","116.3915523603589300 39.9909907343266510 -15.0000000000000000, 116.3915503970606700 39.9910296085037590 -15.0000000000000000"
"0","964526","32496","0","3","-15","116.3915523603589300 39.9909907343266510 -15.0000000000000000, 116.3914345624638700 39.9909907343266510 -15.0000000000000000"
"0","964526","32496","0","3","-15","116.3914345624638700 39.9909907343266510 -15.0000000000000000, 116.3914378346276200 39.9910296085037590 -15.0000000000000000"
"0","964526","32496","0","3","-15","116.3918258713648200 39.9909907343266510 -15.0000000000000000, 116.3918228557387200 39.9911101028602970 -15.0000000000000000"
"0","964526","32496","0","3","-15","116.3917972152625400 39.9909895499016770 -15.0000000000000000, 116.3917975643914500 39.9908422996032090 -15.0000000000000000"
"0","964526","32496","0","3","-15","116.3917975643914500 39.9908422996032090 -15.0000000000000000, 116.3918194232185400 39.9908422997912400 -15.0000000000000000"
"0","964526","32496","0","3","-15","116.3918194232185400 39.9908422997912400 -15.0000000000000000, 116.3919015152627200 39.9908422996032090 -15.0000000000000000"
"0","964526","32496","0","3","-15","116.3919015152627200 39.9908422996032090 -15.0000000000000000, 116.3919365123833200 39.9908422997912400 -15.0000000000000000"
"0","964526","32496","0","3","-15","116.3919365123833200 39.9908422997912400 -15.0000000000000000, 116.3919861792276200 39.9908658331929350 -15.0000000000000000"
"0","964526","32496","0","3","-15","116.3919861792276200 39.9908658331929350 -15.0000000000000000, 116.3920280629236300 39.9908668802853310 -15.0000000000000000"
"0","964526","32496","0","3","-15","116.3920280629236300 39.9908668802853310 -15.0000000000000000, 116.3920280629236300 39.9908352580948330 -15.0000000000000000"
"0","964526","32496","0","3","-15","116.3920280629236300 39.9908352580948330 -15.0000000000000000, 116.3922039744469000 39.9908258342632270 -15.0000000000000000"
"0","964526","32496","0","3","-15","116.3922039744469000 39.9908258342632270 -15.0000000000000000, 116.3922908831161500 39.9908258342632270 -15.0000000000000000"
"0","964526","32496","0","3","-15","116.3922039744469000 39.9908258342632270 -15.0000000000000000, 116.3922039744469000 39.9907954685836130 -15.0000000000000000"
"0","964526","32496","0","3","-15","116.3922039744469000 39.9907954685836130 -15.0000000000000000, 116.3922437639581200 39.9907923273064160 -15.0000000000000000"
"0","964526","32496","0","3","-15","116.3906187274612200 39.9923392344964130 -15.0000000000000000, 116.3906257830204500 39.9923656146534940 -15.0000000000000000"
"0","964526","32496","0","3","-15","116.3904952851197800 39.9924519689538580 -15.0000000000000000, 116.3905851018731300 39.9924500733678980 -15.0000000000000000"
"0","964526","32496","0","3","-15","116.3905851018731300 39.9924500733678980 -15.0000000000000000, 116.3906865514385900 39.9924500733678980 -15.0000000000000000"
"0","964526","32496","0","3","-15","116.3906865514385900 39.9924500733678980 -15.0000000000000000, 116.3908939047298500 39.9924094050656290 -15.0000000000000000"
"0","964526","32496","0","3","-15","116.3908939047298500 39.9924094050656290 -15.0000000000000000, 116.3908961006417700 39.9923909594054900 -15.0000000000000000"
"0","964526","32496","0","3","-15","116.3908961006417700 39.9923909594054900 -15.0000000000000000, 116.3909659306408900 39.9923909594054900 -15.0000000000000000"
"0","964526","32496","0","3","-15","116.3909659306408900 39.9923909594054900 -15.0000000000000000, 116.3910414700109900 39.9924094050656290 -15.0000000000000000"
"0","964526","32496","0","3","-15","116.3910414700109900 39.9924094050656290 -15.0000000000000000, 116.3910379565519100 39.9924282899081550 -15.0000000000000000"
"0","964526","32496","0","3","-15","116.3910379565519100 39.9924282899081550 -15.0000000000000000, 116.3910695776836000 39.9924291682729280 -15.0000000000000000"
"0","964526","32496","0","3","-15","116.3910414700109900 39.9924094050656290 -15.0000000000000000, 116.3911319415821600 39.9924094050656290 -15.0000000000000000"
"0","964526","32496","0","3","-15","116.3911319415821600 39.9924094050656290 -15.0000000000000000, 116.3912505208259300 39.9924094050656290 -15.0000000000000000"
"0","964526","32496","0","3","-15","116.3912505208259300 39.9924094050656290 -15.0000000000000000, 116.3912498327359400 39.9924220065380280 -15.0000000000000000"
"0","964526","32496","0","3","-15","116.3912498327359400 39.9924220065380280 -15.0000000000000000, 116.3912990211629900 39.9924228497682040 -15.0000000000000000"
"0","964526","32496","0","3","-15","116.3912990211629900 39.9924228497682040 -15.0000000000000000, 116.3912995833164400 39.9924094050656290 -15.0000000000000000"
"0","964526","32496","0","3","-15","116.3912995833164400 39.9924094050656290 -15.0000000000000000, 116.3913710295067400 39.9924094050656290 -15.0000000000000000"
"0","964526","32496","0","3","-15","116.3913710295067400 39.9924094050656290 -15.0000000000000000, 116.3913723470538900 39.9923788085587050 -15.0000000000000000"
"0","964526","32496","0","3","-15","116.3913723470538900 39.9923788085587050 -15.0000000000000000, 116.3913723470538900 39.9922984381823670 -15.0000000000000000"
"0","964526","32496","0","3","-15","116.3913723470538900 39.9922984381823670 -15.0000000000000000, 116.3914035290031800 39.9922583221733560 -15.0000000000000000"
"0","964526","32496","0","3","-15","116.3914035290031800 39.9922583221733560 -15.0000000000000000, 116.3914527174302300 39.9922583221733560 -15.0000000000000000"
"0","964526","32496","0","3","-15","116.3914527174302300 39.9922583221733560 -15.0000000000000000, 116.3914535957950000 39.9922356351014090 -15.0000000000000000"
"0","964526","32496","0","3","-15","116.3914535957950000 39.9922356351014090 -15.0000000000000000, 116.3914944397567400 39.9922369526485610 -15.0000000000000000"
"0","964526","32496","0","3","-15","116.3914527174302300 39.9922583221733560 -15.0000000000000000, 116.3915488983723900 39.9922583221733560 -15.0000000000000000"
"0","964526","32496","0","3","-15","116.3913710295067400 39.9924094050656290 -15.0000000000000000, 116.3915523989647900 39.9924094050656290 -15.0000000000000000"
"0","964526","32496","0","3","-15","116.3915523989647900 39.9924094050656290 -15.0000000000000000, 116.3916045518729300 39.9924094050656290 -15.0000000000000000"
"0","964526","32496","0","3","-15","116.3916045518729300 39.9924094050656290 -15.0000000000000000, 116.3917785778927200 39.9924094050656290 -15.0000000000000000"
"0","964526","32496","0","3","-15","116.3917785778927200 39.9924094050656290 -15.0000000000000000, 116.3917801292063100 39.9923909594054900 -15.0000000000000000"
"0","964526","32496","0","3","-15","116.3917801292063100 39.9923909594054900 -15.0000000000000000, 116.3918935935251400 39.9923909594054900 -15.0000000000000000"
"0","964526","32496","0","3","-15","116.3918935935251400 39.9923909594054900 -15.0000000000000000, 116.3918935935251400 39.9923656146534940 -15.0000000000000000"
"0","964526","32496","0","3","-15","116.3918935935251400 39.9923656146534940 -15.0000000000000000, 116.3918646995714000 39.9923378620514570 -15.0000000000000000"
"0","964526","32496","0","3","-15","116.3878175481829200 39.9924246526983890 -15.0000000000000000, 116.3878201881543900 39.9923639586373200 -15.0000000000000000"
"0","964526","32496","0","3","-15","116.3878201881543900 39.9923639586373200 -15.0000000000000000, 116.3878485703159800 39.9923700522928980 -15.0000000000000000"
"0","964526","32496","0","3","-15","116.3878485703159800 39.9923700522928980 -15.0000000000000000, 116.3878960020134900 39.9923700522928980 -15.0000000000000000"
"0","964526","32496","0","3","-15","116.3878960020134900 39.9923700522928980 -15.0000000000000000, 116.3879205962270200 39.9923700522928980 -15.0000000000000000"
"0","964526","32496","0","3","-15","116.3879205962270200 39.9923700522928980 -15.0000000000000000, 116.3879495822643800 39.9923700522928980 -15.0000000000000000"
"0","964526","32496","0","3","-15","116.3878201881543900 39.9923639586373200 -15.0000000000000000, 116.3878201881543900 39.9922061274679450 -15.0000000000000000"
"0","964526","32496","0","3","-15","116.3878201881543900 39.9922061274679450 -15.0000000000000000, 116.3878201881543900 39.9919927534513990 -15.0000000000000000"
"0","964526","32496","0","3","-15","116.3878201881543900 39.9919927534513990 -15.0000000000000000, 116.3878201881543900 39.9917568644754340 -15.0000000000000000"
"0","964526","32496","0","3","-15","116.3878201881543900 39.9917568644754340 -15.0000000000000000, 116.3878372723491600 39.9917560890440380 -15.0000000000000000"
"0","964526","32496","0","3","-15","116.3878372723491600 39.9917560890440380 -15.0000000000000000, 116.3878752177071600 39.9917568644754340 -15.0000000000000000"
"0","964526","32496","0","3","-15","116.3878752177071600 39.9917568644754340 -15.0000000000000000, 116.3879904591648100 39.9917568644754340 -15.0000000000000000"
"0","964526","32496","0","3","-15","116.3879904591648100 39.9917568644754340 -15.0000000000000000, 116.3879915132025400 39.9917666294212640 -15.0000000000000000"
"0","964526","32496","0","3","-15","116.3879915132025400 39.9917666294212640 -15.0000000000000000, 116.3880148425708000 39.9917664186137150 -15.0000000000000000"
"0","964526","32496","0","3","-15","116.3880148425708000 39.9917664186137150 -15.0000000000000000, 116.3880291774838200 39.9917669807671670 -15.0000000000000000"
"0","964526","32496","0","3","-15","116.3880291774838200 39.9917669807671670 -15.0000000000000000, 116.3880676849952800 39.9917666294212640 -15.0000000000000000"
"0","964526","32496","0","3","-15","116.3880676849952800 39.9917666294212640 -15.0000000000000000, 116.3880693714556400 39.9917568644754340 -15.0000000000000000"
"0","964526","32496","0","3","-15","116.3880693714556400 39.9917568644754340 -15.0000000000000000, 116.3880803334479500 39.9917568644754340 -15.0000000000000000"
"0","964526","32496","0","3","-15","116.3880803334479500 39.9917568644754340 -15.0000000000000000, 116.3880803334479500 39.9917057763100840 -15.0000000000000000"
"0","964526","32496","0","3","-15","116.3880803334479500 39.9917057763100840 -15.0000000000000000, 116.3880676849952800 39.9917054249641740 -15.0000000000000000"
"0","964526","32496","0","3","-15","116.3880676849952800 39.9917054249641740 -15.0000000000000000, 116.3880676849952800 39.9916692363357030 -15.0000000000000000"
"0","964526","32496","0","3","-15","116.3880676849952800 39.9916692363357030 -15.0000000000000000, 116.3880803334479500 39.9916681822979850 -15.0000000000000000"
"0","964526","32496","0","3","-15","116.3880803334479500 39.9916681822979850 -15.0000000000000000, 116.3880803334479500 39.9915901835065240 -15.0000000000000000"
"0","964526","32496","0","3","-15","116.3878201881543900 39.9917568644754340 -15.0000000000000000, 116.3878057980017100 39.9917568644754340 -15.0000000000000000"
"0","964526","32496","0","3","-15","116.3878057980017100 39.9917568644754340 -15.0000000000000000, 116.3878057980017100 39.9917105466155500 -15.0000000000000000"
"0","964526","32496","0","3","-15","116.3878057980017100 39.9917568644754340 -15.0000000000000000, 116.3877689066814200 39.9917560890440380 -15.0000000000000000"
"0","964526","32496","0","3","-15","116.3877689066814200 39.9917560890440380 -15.0000000000000000, 116.3877689066814200 39.9916437908931290 -15.0000000000000000"
"0","964526","32496","0","3","-15","116.3877689066814200 39.9916437908931290 -15.0000000000000000, 116.3877689066814200 39.9915868728561180 -15.0000000000000000"
"0","964526","32496","0","3","-15","116.3877689066814200 39.9915868728561180 -15.0000000000000000, 116.3877689066814200 39.9915664947934890 -15.0000000000000000"
"0","964526","32496","0","3","-15","116.3877689066814200 39.9915664947934890 -15.0000000000000000, 116.3877890759954400 39.9915669351970640 -15.0000000000000000"
"0","964526","32496","0","3","-15","116.3877689066814200 39.9916437908931290 -15.0000000000000000, 116.3877102319148700 39.9916427465174210 -15.0000000000000000"
"0","964526","32496","0","3","-15","116.3877102319148700 39.9916427465174210 -15.0000000000000000, 116.3877091778771600 39.9916318547942920 -15.0000000000000000"
"0","964526","32496","0","3","-15","116.3877091778771600 39.9916318547942920 -15.0000000000000000, 116.3876944213490400 39.9916318547942920 -15.0000000000000000"
"0","964526","32496","0","3","-15","116.3877689066814200 39.9917560890440380 -15.0000000000000000, 116.3877323667070400 39.9917568644754340 -15.0000000000000000"
"0","964526","32496","0","3","-15","116.3877323667070400 39.9917568644754340 -15.0000000000000000, 116.3876222197650500 39.9917560890440380 -15.0000000000000000"
"0","964526","32496","0","3","-15","116.3876222197650500 39.9917560890440380 -15.0000000000000000, 116.3876222197650500 39.9917668962128370 -15.0000000000000000"
"0","964526","32496","0","3","-15","116.3876222197650500 39.9917668962128370 -15.0000000000000000, 116.3876090736154400 39.9917664356967320 -15.0000000000000000"
"0","964526","32496","0","3","-15","116.3876090736154400 39.9917664356967320 -15.0000000000000000, 116.3876087973057700 39.9917608174002130 -15.0000000000000000"
"0","964526","32496","0","3","-15","116.3876087973057700 39.9917608174002130 -15.0000000000000000, 116.3875954423386500 39.9917605410905490 -15.0000000000000000"
"0","964526","32496","0","3","-15","116.3875954423386500 39.9917605410905490 -15.0000000000000000, 116.3875951660289900 39.9917560890440380 -15.0000000000000000"
"0","964526","32496","0","3","-15","116.3875951660289900 39.9917560890440380 -15.0000000000000000, 116.3875791400684400 39.9917560890440380 -15.0000000000000000"
"0","964526","32496","0","3","-15","116.3877323667070400 39.9917568644754340 -15.0000000000000000, 116.3877324545435100 39.9917843389181370 -15.0000000000000000"
"0","964526","32496","0","3","-15","116.3877689066814200 39.9915664947934890 -15.0000000000000000, 116.3877724201404900 39.9915135074388170 -15.0000000000000000"
"0","964526","32496","0","3","-15","116.3877724201404900 39.9915135074388170 -15.0000000000000000, 116.3877927982031200 39.9915135074388170 -15.0000000000000000"
"0","964526","32496","0","3","-15","116.3875791400684400 39.9917560890440380 -15.0000000000000000, 116.3874427943214700 39.9917568644754340 -15.0000000000000000"
"0","964526","32496","0","3","-15","116.3874427943214700 39.9917568644754340 -15.0000000000000000, 116.3873176140785000 39.9917568644754340 -15.0000000000000000"
"0","964526","32496","0","3","-15","116.3873176140785000 39.9917568644754340 -15.0000000000000000, 116.3871298437140400 39.9917568644754340 -15.0000000000000000"
"0","964526","32496","0","3","-15","116.3871298437140400 39.9917568644754340 -15.0000000000000000, 116.3871246278705800 39.9919231636568640 -15.0000000000000000"
"0","964526","32496","0","3","-15","116.3871246278705800 39.9919231636568640 -15.0000000000000000, 116.3871298437140400 39.9920205260680670 -15.0000000000000000"
"0","964526","32496","0","3","-15","116.3871298437140400 39.9920205260680670 -15.0000000000000000, 116.3871246278705800 39.9922061274679450 -15.0000000000000000"
"0","964526","32496","0","3","-15","116.3871246278705800 39.9922061274679450 -15.0000000000000000, 116.3872115585948700 39.9922061274679450 -15.0000000000000000"
"0","964526","32496","0","3","-15","116.3872115585948700 39.9922061274679450 -15.0000000000000000, 116.3872080813659000 39.9922691479395240 -15.0000000000000000"
"0","964526","32496","0","3","-15","116.3872080813659000 39.9922691479395240 -15.0000000000000000, 116.3873593408261500 39.9922639320960660 -15.0000000000000000"
"0","964526","32496","0","3","-15","116.3873593408261500 39.9922639320960660 -15.0000000000000000, 116.3873593408261500 39.9922061274679450 -15.0000000000000000"
"0","964526","32496","0","3","-15","116.3873593408261500 39.9922061274679450 -15.0000000000000000, 116.3875071230574300 39.9922061274679450 -15.0000000000000000"
"0","964526","32496","0","3","-15","116.3871246278705800 39.9922061274679450 -15.0000000000000000, 116.3871298437140400 39.9923053809262830 -15.0000000000000000"
"0","964526","32496","0","3","-15","116.3871298437140400 39.9923053809262830 -15.0000000000000000, 116.3872115585948700 39.9924246526983890 -15.0000000000000000"
"0","964526","32496","0","3","-15","116.3872115585948700 39.9924246526983890 -15.0000000000000000, 116.3872115585948700 39.9926829966220720 -15.0000000000000000"
"0","964526","32496","0","3","-15","116.3872115585948700 39.9926829966220720 -15.0000000000000000, 116.3872115585948700 39.9927611758389790 -15.0000000000000000"
"0","964526","32496","0","3","-15","116.3872115585948700 39.9926829966220720 -15.0000000000000000, 116.3870429129897600 39.9926829966220720 -15.0000000000000000"
"0","964526","32496","0","3","-15","116.3870429129897600 39.9926829966220720 -15.0000000000000000, 116.3866412930435500 39.9926829966220720 -15.0000000000000000"
"0","964526","32496","0","3","-15","116.3866412930435500 39.9926829966220720 -15.0000000000000000, 116.3865543623192700 39.9926829966220720 -15.0000000000000000"
"0","964526","32496","0","3","-15","116.3865543623192700 39.9926829966220720 -15.0000000000000000, 116.3865543623192700 39.9927750847548680 -15.0000000000000000"
"0","964526","32496","0","3","-15","116.3865543623192700 39.9927750847548680 -15.0000000000000000, 116.3864031028590100 39.9927750847548680 -15.0000000000000000"
"0","964526","32496","0","3","-15","116.3864031028590100 39.9927750847548680 -15.0000000000000000, 116.3864031028590100 39.9924708272198690 -15.0000000000000000"
"0","964526","32496","0","3","-15","116.3864031028590100 39.9924708272198690 -15.0000000000000000, 116.3864031028590100 39.9924110180555840 -15.0000000000000000"
"0","964526","32496","0","3","-15","116.3864031028590100 39.9924110180555840 -15.0000000000000000, 116.3864031028590100 39.9922691479395240 -15.0000000000000000"
"0","964526","32496","0","3","-15","116.3864031028590100 39.9922691479395240 -15.0000000000000000, 116.3865543623192700 39.9922691479395240 -15.0000000000000000"
"0","964526","32496","0","3","-15","116.3865543623192700 39.9922691479395240 -15.0000000000000000, 116.3867021445505500 39.9922691479395240 -15.0000000000000000"
"0","964526","32496","0","3","-15","116.3871298437140400 39.9917568644754340 -15.0000000000000000, 116.3866164203354000 39.9917568644754340 -15.0000000000000000"
"0","964526","32496","0","3","-15","116.3866164203354000 39.9917568644754340 -15.0000000000000000, 116.3866164203354000 39.9915868728561180 -15.0000000000000000"
"0","964526","32496","0","3","-15","116.3866164203354000 39.9915868728561180 -15.0000000000000000, 116.3866164203354000 39.9912334345008770 -15.0000000000000000"
"0","964526","32496","0","3","-15","116.3866164203354000 39.9912334345008770 -15.0000000000000000, 116.3866164203354000 39.9910576649226640 -15.0000000000000000"
"0","964526","32496","0","3","-15","116.3866164203354000 39.9910576649226640 -15.0000000000000000, 116.3867873111036900 39.9910576649226640 -15.0000000000000000"
"0","964526","32496","0","3","-15","116.3867873111036900 39.9910576649226640 -15.0000000000000000, 116.3867795433414900 39.9909410678182550 -15.0000000000000000"
"0","964526","32496","0","3","-15","116.3867795433414900 39.9909410678182550 -15.0000000000000000, 116.3869374878394600 39.9909410678182550 -15.0000000000000000"
"0","964526","32496","0","3","-15","116.3869374878394600 39.9909410678182550 -15.0000000000000000, 116.3869374878394600 39.9908249217498830 -15.0000000000000000"
"0","964526","32496","0","3","-15","116.3866164203354000 39.9917568644754340 -15.0000000000000000, 116.3864999039024800 39.9917568644754340 -15.0000000000000000"
"0","964526","32496","0","3","-15","116.3864999039024800 39.9917568644754340 -15.0000000000000000, 116.3864031028590100 39.9917568644754340 -15.0000000000000000"
"0","964526","32496","0","3","-15","116.3864999039024800 39.9917568644754340 -15.0000000000000000, 116.3864921361402900 39.9919231636568640 -15.0000000000000000"
"0","964526","32496","0","3","-15","116.3864921361402900 39.9919231636568640 -15.0000000000000000, 116.3864999039024800 39.9921014873845310 -15.0000000000000000"
"0","964526","32496","0","3","-15","116.3864031028590100 39.9917568644754340 -15.0000000000000000, 116.3864031028590100 39.9917006047631460 -15.0000000000000000"
"0","964526","32496","0","3","-15","116.3864031028590100 39.9917006047631460 -15.0000000000000000, 116.3861737583305100 39.9917023177250140 -15.0000000000000000"
"0","964526","32496","0","3","-15","116.3861737583305100 39.9917023177250140 -15.0000000000000000, 116.3861788363984100 39.9917568644754340 -15.0000000000000000"
"0","964526","32496","0","3","-15","116.3861788363984100 39.9917568644754340 -15.0000000000000000, 116.3859458035325600 39.9917568644754340 -15.0000000000000000"
"0","964526","32496","0","3","-15","116.3866164203354000 39.9912334345008770 -15.0000000000000000, 116.3868863055544800 39.9912334345008770 -15.0000000000000000"
"0","964526","32496","0","3","-15","116.3868863055544800 39.9912334345008770 -15.0000000000000000, 116.3871709815670500 39.9912334345008770 -15.0000000000000000"
"0","330101","32496","0","3","-15","116.3871709815670500 39.9912334345008770 -15.0000000000000000, 116.3873931677232000 39.9911640786867860 -15.0000000000000000"
"0","964526","32496","0","3","-15","116.3873931677232000 39.9911640786867860 -15.0000000000000000, 116.3875071230574300 39.9911590984615590 -15.0000000000000000"
"0","964526","32496","0","3","-15","116.3875071230574300 39.9911590984615590 -15.0000000000000000, 116.3876729834136100 39.9911590984615590 -15.0000000000000000"
"0","964526","32496","0","3","-15","116.3876729834136100 39.9911590984615590 -15.0000000000000000, 116.3876685396904800 39.9912524166471430 -15.0000000000000000"
"0","964526","32496","0","3","-15","116.3876685396904800 39.9912524166471430 -15.0000000000000000, 116.3877927982031200 39.9912524166471430 -15.0000000000000000"
"0","964526","32496","0","3","-15","116.3876729834136100 39.9911590984615590 -15.0000000000000000, 116.3878752177071600 39.9911640786867860 -15.0000000000000000"
"0","964526","32496","0","3","-15","116.3878752177071600 39.9911640786867860 -15.0000000000000000, 116.3878796165388300 39.9909656247378110 -15.0000000000000000"
"0","964526","32496","0","3","-15","116.3878796165388300 39.9909656247378110 -15.0000000000000000, 116.3880018189247100 39.9909656247378110 -15.0000000000000000"
"0","964526","32496","0","3","-15","116.3875954423386500 39.9924312617568490 -15.0000000000000000, 116.3878175481829200 39.9924246526983890 -15.0000000000000000"
"0","964526","32496","0","3","-15","116.3878175481829200 39.9924246526983890 -15.0000000000000000, 116.3878201881543900 39.9925520546269690 -15.0000000000000000"
"0","964526","32496","0","3","-15","116.3878201881543900 39.9925520546269690 -15.0000000000000000, 116.3879743233878900 39.9926829966220720 -15.0000000000000000"
"0","964526","32496","0","3","-15","116.3879743233878900 39.9926829966220720 -15.0000000000000000, 116.3881437403319600 39.9926829966220720 -15.0000000000000000"
"0","964526","32496","0","3","-15","116.3881437403319600 39.9926829966220720 -15.0000000000000000, 116.3884881288739900 39.9926829966220720 -15.0000000000000000"
"0","964526","32496","0","3","-15","116.3884881288739900 39.9926829966220720 -15.0000000000000000, 116.3885186794704700 39.9928182995471100 -15.0000000000000000"
"0","964526","32496","0","3","-15","116.3885186794704700 39.9928182995471100 -15.0000000000000000, 116.3887075377031800 39.9928182995471100 -15.0000000000000000"
"0","964526","32496","0","3","-15","116.3918935935251400 39.9923909594054900 -15.0000000000000000, 116.3920740897604700 39.9923909594054900 -15.0000000000000000"
"0","964526","32496","0","3","-15","116.3920740897604700 39.9923909594054900 -15.0000000000000000, 116.3923203823641200 39.9923909594054900 -15.0000000000000000"
"0","964526","32496","0","3","-15","116.3923203823641200 39.9923909594054900 -15.0000000000000000, 116.3924466552003900 39.9923909594054900 -15.0000000000000000"
"0","964526","32496","0","3","-15","116.3920740897604700 39.9923909594054900 -15.0000000000000000, 116.3920740897604700 39.9922984381823670 -15.0000000000000000"
"0","964526","32496","0","3","-15","116.3920740897604700 39.9922984381823670 -15.0000000000000000, 116.3920740897604700 39.9921974565781400 -15.0000000000000000"
"0","964526","32496","0","3","-15","116.3920740897604700 39.9921974565781400 -15.0000000000000000, 116.3921463306168400 39.9922356351014090 -15.0000000000000000"
"0","964526","32496","0","3","-15","116.3921463306168400 39.9922356351014090 -15.0000000000000000, 116.3923203823641200 39.9922356351014090 -15.0000000000000000"
"0","964526","32496","0","3","-15","116.3923203823641200 39.9922356351014090 -15.0000000000000000, 116.3923203823641200 39.9921974565781400 -15.0000000000000000"
"0","964526","32496","0","3","-15","116.3923203823641200 39.9921974565781400 -15.0000000000000000, 116.3924193529655200 39.9921974565781400 -15.0000000000000000"
"0","964526","32496","0","3","-15","116.3868863055544800 39.9912334345008770 -15.0000000000000000, 116.3868826132687100 39.9913234491914270 -15.0000000000000000"
"0","964526","32496","0","3","-15","116.3868826132687100 39.9913234491914270 -15.0000000000000000, 116.3869374878394600 39.9914106687368620 -15.0000000000000000"
"0","964526","32496","0","3","-15","116.3869374878394600 39.9914106687368620 -15.0000000000000000, 116.3870963636793100 39.9914140815162180 -15.0000000000000000"
"0","964526","32496","0","3","-15","116.3870963636793100 39.9914140815162180 -15.0000000000000000, 116.3872977176614500 39.9914140815162180 -15.0000000000000000"
"0","964526","32496","0","3","-15","116.3869374878394600 39.9914106687368620 -15.0000000000000000, 116.3869374878394600 39.9914615315917250 -15.0000000000000000"
"0","964526","32496","0","3","-15","116.3869374878394600 39.9914615315917250 -15.0000000000000000, 116.3869374878394600 39.9915252368064170 -15.0000000000000000"
"0","964526","32496","0","3","-15","116.3869374878394600 39.9915252368064170 -15.0000000000000000, 116.3869923627833300 39.9915252368064170 -15.0000000000000000"
"0","964526","32496","0","3","-15","116.3866164203354000 39.9915868728561180 -15.0000000000000000, 116.3865492702632900 39.9915868728561180 -15.0000000000000000"
"0","964526","32496","0","3","-15","116.3865492702632900 39.9915868728561180 -15.0000000000000000, 116.3865469950770500 39.9915252368064170 -15.0000000000000000"
"0","964526","32496","0","3","-15","116.3859458035325600 39.9917568644754340 -15.0000000000000000, 116.3859415644638800 39.9918036049540150 -15.0000000000000000"
"0","964526","32496","0","3","-15","116.3859415644638800 39.9918036049540150 -15.0000000000000000, 116.3858334931175300 39.9918036049540150 -15.0000000000000000"
"0","964526","32496","0","3","-15","116.3858334931175300 39.9918036049540150 -15.0000000000000000, 116.3857538615991600 39.9918036049540150 -15.0000000000000000"
"0","964526","32496","0","3","-15","116.3859458035325600 39.9917568644754340 -15.0000000000000000, 116.3858704648939100 39.9917568644754340 -15.0000000000000000"
"0","964526","32496","0","3","-15","116.3858704648939100 39.9917568644754340 -15.0000000000000000, 116.3857993653239500 39.9917568644754340 -15.0000000000000000"
"0","964526","32496","0","3","-15","116.3859458035325600 39.9917568644754340 -15.0000000000000000, 116.3859458035325600 39.9916427465174210 -15.0000000000000000"
"0","964526","32496","0","3","-15","116.3859458035325600 39.9916427465174210 -15.0000000000000000, 116.3859458035325600 39.9915476465021270 -15.0000000000000000"
"0","964526","32496","0","3","-15","116.3866164203354000 39.9912334345008770 -15.0000000000000000, 116.3865631879767500 39.9912334345008770 -15.0000000000000000"
"0","964526","32496","0","3","-15","116.3865631879767500 39.9912334345008770 -15.0000000000000000, 116.3864340280555600 39.9912334345008770 -15.0000000000000000"
"0","964526","32496","0","3","-15","116.3864340280555600 39.9912334345008770 -15.0000000000000000, 116.3863891028655900 39.9912334345008770 -15.0000000000000000"
"0","964526","32496","0","3","-15","116.3863891028655900 39.9912334345008770 -15.0000000000000000, 116.3863029962514700 39.9912334345008770 -15.0000000000000000"
"0","964526","32496","0","3","-15","116.3863029962514700 39.9912334345008770 -15.0000000000000000, 116.3863001884271000 39.9911934694808200 -15.0000000000000000"
"0","964526","32496","0","3","-15","116.3863001884271000 39.9911934694808200 -15.0000000000000000, 116.3862539860670000 39.9911934694808200 -15.0000000000000000"
"0","964526","32496","0","3","-15","116.3862539860670000 39.9911934694808200 -15.0000000000000000, 116.3862446266524300 39.9912334345008770 -15.0000000000000000"
"0","964526","32496","0","3","-15","116.3862446266524300 39.9912334345008770 -15.0000000000000000, 116.3861257620872700 39.9912334345008770 -15.0000000000000000"
"0","964526","32496","0","3","-15","116.3864340280555600 39.9912334345008770 -15.0000000000000000, 116.3864340280555600 39.9912720885632780 -15.0000000000000000"
"0","964526","32496","0","3","-15","116.3864340280555600 39.9912720885632780 -15.0000000000000000, 116.3863919106899700 39.9912720885632780 -15.0000000000000000"
"0","964526","32496","0","3","-15","116.3911405905977900 39.9906625768802120 -15.0000000000000000, 116.3911956431647200 39.9906627650989460 -15.0000000000000000"
"0","964526","32496","0","3","-15","116.3911956431647200 39.9906627650989460 -15.0000000000000000, 116.3911968411697900 39.9906839670360910 -15.0000000000000000"
"0","964526","32496","0","3","-15","116.3911968411697900 39.9906839670360910 -15.0000000000000000, 116.3912303853116300 39.9906839670360910 -15.0000000000000000"
"0","964526","32496","0","3","-15","116.3912303853116300 39.9906839670360910 -15.0000000000000000, 116.3912681224712200 39.9906627650989460 -15.0000000000000000"
"0","964526","32496","0","3","-15","116.3912681224712200 39.9906627650989460 -15.0000000000000000, 116.3913238297067900 39.9906627650989460 -15.0000000000000000"
"0","964526","32496","0","3","-15","116.3913238297067900 39.9906627650989460 -15.0000000000000000, 116.3914112840766100 39.9906627650989460 -15.0000000000000000"
"0","964526","32496","0","3","-15","116.3914112840766100 39.9906627650989460 -15.0000000000000000, 116.3914094870690100 39.9906124300407840 -15.0000000000000000"
"0","964526","32496","0","3","-15","116.3914094870690100 39.9906124300407840 -15.0000000000000000, 116.3914112840766100 39.9905525297874860 -15.0000000000000000"
"0","964526","32496","0","3","-15","116.3893351417479900 39.9924445479290260 -15.0000000000000000, 116.3893305520763700 39.9923053809262830 -15.0000000000000000"
"0","964526","32496","0","3","-15","116.3893305520763700 39.9923053809262830 -15.0000000000000000, 116.3894365766946400 39.9923053809262830 -15.0000000000000000"
"0","964526","32496","0","3","-15","116.3894365766946400 39.9923053809262830 -15.0000000000000000, 116.3894329206733100 39.9921981625623890 -15.0000000000000000"
"0","964526","32496","0","3","-15","116.3918791114631100 39.9926548119605270 -15.0000000000000000, 116.3919200447063400 39.9926565128814890 -15.0000000000000000"
"0","964526","32496","0","3","-15","116.3919200447063400 39.9926565128814890 -15.0000000000000000, 116.3919661545578500 39.9926573088857320 -15.0000000000000000"
"0","964526","32496","0","3","-15","116.3917975643914500 39.9908422996032090 -15.0000000000000000, 116.3917975643914500 39.9907250191210080 -15.0000000000000000"
"0","964526","32496","0","3","-15","116.3917975643914500 39.9907250191210080 -15.0000000000000000, 116.3917975643914500 39.9906089519371830 -15.0000000000000000"
"0","964526","32496","0","3","-15","116.3917975643914500 39.9906089519371830 -15.0000000000000000, 116.3917975643914500 39.9905052451646980 -15.0000000000000000"
"0","964526","32496","0","3","-15","116.3866164203354000 39.9910576649226640 -15.0000000000000000, 116.3866164203354000 39.9908098436193170 -15.0000000000000000"
"0","964526","32496","0","3","-15","116.3866164203354000 39.9908098436193170 -15.0000000000000000, 116.3866164203354000 39.9906009794276040 -15.0000000000000000"
"0","964526","32496","0","3","-15","116.3866164203354000 39.9906009794276040 -15.0000000000000000, 116.3864999039024800 39.9906009794276040 -15.0000000000000000"
"0","964526","32496","0","3","-15","116.3864999039024800 39.9906009794276040 -15.0000000000000000, 116.3864999039024800 39.9904820543462730 -15.0000000000000000"
"0","964526","32496","0","3","-15","116.3869374878394600 39.9908249217498830 -15.0000000000000000, 116.3870264863104300 39.9908249217498830 -15.0000000000000000"
"0","964526","32496","0","3","-15","116.3870264863104300 39.9908249217498830 -15.0000000000000000, 116.3871298437140400 39.9908249217498830 -15.0000000000000000"
"0","964526","32496","0","3","-15","116.3871298437140400 39.9908249217498830 -15.0000000000000000, 116.3871298437140400 39.9907736561059580 -15.0000000000000000"
"0","964526","32496","0","3","-15","116.3871298437140400 39.9907736561059580 -15.0000000000000000, 116.3872370731384400 39.9907736561059580 -15.0000000000000000"
"0","964526","32496","0","3","-15","116.3872370731384400 39.9907736561059580 -15.0000000000000000, 116.3872370731384400 39.9908249217498830 -15.0000000000000000"
"0","964526","32496","0","3","-15","116.3872370731384400 39.9908249217498830 -15.0000000000000000, 116.3874312809909500 39.9908249217498830 -15.0000000000000000"
"0","964526","32496","0","3","-15","116.3874312809909500 39.9908249217498830 -15.0000000000000000, 116.3876222197650500 39.9908249217498830 -15.0000000000000000"
"0","964526","32496","0","3","-15","116.3874312809909500 39.9908249217498830 -15.0000000000000000, 116.3874289411373000 39.9908892482907850 -15.0000000000000000"
"0","964526","32496","0","3","-15","116.3874289411373000 39.9908892482907850 -15.0000000000000000, 116.3875190255026300 39.9908869084371400 -15.0000000000000000"
"0","964526","32496","0","3","-15","116.3912001152103700 39.9913206758761110 -15.0000000000000000, 116.3912139201477100 39.9913210785166560 -15.0000000000000000"
"0","964526","32496","0","3","-15","116.3912139201477100 39.9913210785166560 -15.0000000000000000, 116.3912296226397100 39.9913210527487240 -15.0000000000000000"
"0","964526","32496","0","3","-15","116.3912296226397100 39.9913210527487240 -15.0000000000000000, 116.3912303586940300 39.9913066027818400 -15.0000000000000000"
"0","964526","32496","0","3","-15","116.3916871735054700 39.9909553007198180 -15.0000000000000000, 116.3916891368037300 39.9909020822348250 -15.0000000000000000"
"0","964526","32496","0","3","-15","116.3916891368037300 39.9909020822348250 -15.0000000000000000, 116.3916585017445300 39.9908489207600230 -15.0000000000000000"
"0","964526","32496","0","3","-15","116.3916585017445300 39.9908489207600230 -15.0000000000000000, 116.3916585017445300 39.9907815329750560 -15.0000000000000000"
"0","964526","32496","0","3","-15","116.3864031028590100 39.9924708272198690 -15.0000000000000000, 116.3863361142274200 39.9924687347604720 -15.0000000000000000"
"0","964526","32496","0","3","-15","116.3863361142274200 39.9924687347604720 -15.0000000000000000, 116.3863360527947500 39.9924103003827580 -15.0000000000000000"
"0","964526","32496","0","3","-15","116.3859415644638800 39.9918036049540150 -15.0000000000000000, 116.3859458035325600 39.9919231636568640 -15.0000000000000000"
"0","964526","32496","0","3","-15","116.3859458035325600 39.9919231636568640 -15.0000000000000000, 116.3859415644638800 39.9920385277327100 -15.0000000000000000"
"0","964526","32496","0","3","-15","116.3888377233975000 39.9924383049642390 -15.0000000000000000, 116.3888377233975000 39.9923514694475910 -15.0000000000000000"
"0","964526","32496","0","3","-15","116.3888377233975000 39.9923514694475910 -15.0000000000000000, 116.3888603749385900 39.9923514694475910 -15.0000000000000000"
"0","964526","32496","0","3","-15","116.3888603749385900 39.9923514694475910 -15.0000000000000000, 116.3888631827629600 39.9922822097797090 -15.0000000000000000"
"0","964526","32496","0","3","-15","116.3888631827629600 39.9922822097797090 -15.0000000000000000, 116.3888603749385900 39.9921736405705990 -15.0000000000000000"
"0","964526","32496","0","3","-15","116.3888225129214200 39.9909656247378110 -15.0000000000000000, 116.3886784915339500 39.9909656247378110 -15.0000000000000000"
"0","964526","32496","0","3","-15","116.3888225129214200 39.9909656247378110 -15.0000000000000000, 116.3888188827526300 39.9909103967808050 -15.0000000000000000"
"0","964526","32496","0","3","-15","116.3888188827526300 39.9909103967808050 -15.0000000000000000, 116.3888225129214200 39.9908098436193170 -15.0000000000000000"
"0","964526","32496","0","3","-15","116.3888225129214200 39.9908098436193170 -15.0000000000000000, 116.3887404976555300 39.9908098436193170 -15.0000000000000000"
